Mg-glutamate,K-glutamate,Amino acid,Spermidine,3-PGA,NTPs,PEG-8000,DNA,MG_fluo_1,MG_fluo_2,MG_fluo_3,MG_fluo_4,MG_fluo_5,MG_fluo_6,MG_fluo_median,MG_fluo_std,MG_yield_1,MG_yield_2,MG_yield_3,MG_yield_4,MG_yield_5,MG_yield_6,MG_yield_median,MG_yield_std,GFP_fluo_1,GFP_fluo_2,GFP_fluo_3,GFP_fluo_4,GFP_fluo_5,GFP_fluo_6,GFP_fluo_median,GFP_fluo_std,GFP_yield_1,GFP_yield_2,GFP_yield_3,GFP_yield_4,GFP_yield_5,GFP_yield_6,GFP_yield_median,GFP_yield_std,name_plate,Buffer,well_1,well_2,well_3,well_4,well_5,well_6
3.0,40.0,2.25,0.0,45.0,3.015,0.99,10.0,50932.6666666666,49983.6666666666,61852.0,48753.0,50654.0,47855.3333333333,50318.8333333333,5121.587886005101,3.573857936333157,3.4345347329271525,5.176931170324701,3.253859893807047,3.5329467322420465,3.1220729648388756,3.4837407325845993,0.6863904708728352,665.0,570.666666666666,434.333333333333,445.5,479.0,731.0,524.833333333333,122.99980803959734,-0.0053679535097741204,-0.006727963217263917,-0.008693489614307453,-0.008532499065894346,-0.008049527420655041,-0.004416427283332504,-0.007388745318959479,0.0016187904667666916,plate 5,P5_Buffer 1,A1,B20,E16,H12,K8,N4
2.01,53.6,1.5075,0.75,60.3,3.015,1.5,10.0,56686.0,44775.3333333333,46660.3333333333,46844.6666666666,51540.0,44950.3333333333,46752.49999999995,4665.087688429973,4.418507915535007,2.669896498568597,2.9466343683476475,2.9736964447380605,3.66302087156525,2.695588343243045,2.960165406542854,0.625210736669047,1129.66666666666,623.666666666666,516.666666666666,543.5,882.0,1102.5,752.833333333333,277.15452970018833,0.0013311755794157502,-0.005963858823303224,-0.007506484675261603,-0.007119626790268915,-0.002239450613746381,0.0009395120064108384,-0.004101654718524803,0.003647608217042381,plate 5,P5_Buffer 2,B1,C20,F16,I12,L8,O4
3.0,66.4,1.5075,0.495,45.0,3.735,1.5,10.0,60879.6666666666,52197.3333333333,53098.0,51755.0,53760.3333333333,52206.0,52652.0,3455.636975639549,5.03418238762876,3.75952433384717,3.8917516944383324,3.6945851378795713,3.988989209425237,3.760796691869148,3.82627419315374,0.46312127091602695,2741.0,2070.0,727.5,1287.0,3479.5,5206.0,2405.5,1618.2980154058976,0.02456187143102582,0.01488802146220272,-0.004466887007461983,0.003599460321236267,0.03520887322234603,0.0600999342822165,0.01972494644661427,0.02129828852158182,plate 5,P5_Buffer 3,C1,D20,G16,J12,M8,P4
1.5,26.4,1.5075,0.495,29.7,3.015,1.5,10.0,51661.0,59284.0,50916.6666666666,46697.6666666666,54738.0,45541.6666666666,51288.8333333333,5099.045404125525,3.680784947025868,4.7999217010448065,3.5715089676772074,2.9521152952115246,4.132520981673156,2.7824023098191732,3.626146957351538,0.68336934830375,3348.33333333333,5917.0,2980.66666666666,2663.0,1477.5,6712.0,3164.499999999995,2025.273698238779,0.03331783498949358,0.07035046681251937,0.028017161111892005,0.023437340436140274,0.00634591102028366,0.08181203272192976,0.03066749805069279,0.02665446237319989,plate 5,P5_Buffer 4,A5,D1,E20,H16,K12,N8
2.49,53.6,1.125,0.75,45.0,3.015,2.49,10.0,53494.6666666666,54462.0,47980.6666666666,46155.3333333333,52256.0,48078.6666666666,50167.3333333333,3428.713303634269,3.9499865423670704,4.092001272358027,3.1404732193104747,2.8724950451442415,3.76813721891899,3.1548606523281655,3.4614989356235775,0.45951298529901596,13354.3333333333,24323.3333333333,19353.3333333333,14702.5,14400.0,24168.5,17027.91666666665,4987.964959112414,0.17757497774365702,0.33571575316544633,0.2640629449015852,0.19701158290953186,0.1926504210383411,0.3334835110837189,0.23053726390555854,0.0656462010231599,plate 5,P5_Buffer 5,B5,E1,F20,I16,L12,O8
0.99,80.0,2.25,0.495,45.0,3.015,0.0,10.0,52783.6666666666,56308.3333333333,45036.0,46171.6666666666,54249.0,45398.0,49477.6666666666,5021.418775457635,3.8456042477183146,4.363062467885194,2.7081651129217796,2.874892950647185,4.060730627125699,2.7613105287626367,3.36024859918275,0.6729658993364445,779.666666666666,1056.66666666666,609.0,673.0,628.0,925.0,726.333333333333,179.63910322478972,-0.0037147968335321303,0.00027872990471517405,-0.006175309095845795,-0.005252616997478167,-0.005901384879142906,-0.0016195168601556306,-0.004483706915505149,0.002364215622720245,plate 5,P5_Buffer 6,C5,F1,G20,J16,M12,P8
3.0,0.0,2.25,0.0,60.3,3.015,0.99,10.0,48988.3333333333,56117.6666666666,52504.6666666666,51655.0,50969.3333333333,57049.3333333333,52079.8333333333,3108.1518439717725,3.288409307788299,4.335070591401791,3.804644106780195,3.679904083779887,3.579240989503046,4.471849078763856,3.742274095280041,0.4165516350032097,1451.66666666666,780.666666666666,1311.5,592.5,815.5,737.5,798.083333333333,347.0041092722831,0.00597347019932788,-0.003700379769495136,0.003952678390142625,-0.006413190652456199,-0.003198185372206495,-0.0043227163670920415,-0.0034492825708508155,0.004566892851068534,plate 5,P5_Buffer 7,A9,D5,G1,H20,K16,N12
0.0,0.0,1.125,0.495,45.0,3.735,0.99,10.0,49356.3333333333,47665.3333333333,49611.3333333333,52373.6666666666,45316.6666666666,49869.6666666666,49483.8333333333,2365.617051285632,3.3424355868751374,3.094178962049475,3.379872274829333,3.785411925909609,2.7493699380948837,3.4177983312535125,3.361153930852235,0.31703780895250583,2247.66666666666,2267.66666666666,1850.5,2385.5,2700.0,2766.5,2326.5833333333303,335.1625048086826,0.01744945317277526,0.017737794453515143,0.011723475906082494,0.019436605165874386,0.02397077180550906,0.024929506563969174,0.018587199809694765,0.004411046458115408,plate 5,P5_Buffer 8,B9,E5,H1,I20,L16,O12
0.99,26.4,1.5075,0.495,60.3,3.015,2.49,8.3,48818.3333333333,51697.6666666666,51775.3333333333,45837.0,45546.0,45998.0,47408.16666666665,2927.050479135483,3.263451515818836,3.6861680001957424,3.6975702855465022,2.8257603562602513,2.7830384888301696,2.849396853360743,3.0564241845897895,0.39228059761159034,1259.33333333333,1251.0,2127.5,1754.0,1756.5,1747.0,1750.5,338.0506810567958,0.003200588216212714,0.0030804460159044762,0.015717002644329885,0.010332229226512555,0.01036827188660504,0.010231309778253596,0.010281769502383076,0.004449057510744713,plate 5,P5_Buffer 9,C9,F5,I1,J20,M16,P12
2.01,80.0,1.5075,0.495,45.0,3.015,3.0,10.0,47775.6666666666,49183.3333333333,50954.0,47186.6666666666,42743.0,41251.3333333333,47481.1666666666,3762.959166518934,3.110377058406122,3.3170373632826835,3.5769898945410996,3.023905649758981,2.371528542416017,2.1525361520957205,3.067141354082551,0.5043083066562085,14893.3333333333,29575.0,21284.0,39308.5,26647.5,23144.5,24896.0,8292.75952021915,0.19976283929659108,0.411429367799728,0.29189748986900915,0.5517578606038109,0.3692234128314275,0.31872043750983686,0.3439719251706322,0.10914033337513677,plate 5,P5_Buffer 10,A13,D9,G5,J1,K20,N16
0.99,40.0,1.5075,1.005,29.7,3.015,1.5,10.0,50949.0,44844.6666666666,44206.0,43850.6666666666,47640.3333333333,40349.3333333333,44525.3333333333,3616.6815299233876,3.5762558418361157,2.680075362744373,2.5863123638943994,2.534145684993511,3.090508698524554,2.0201130441165676,2.633193863319386,0.48470431311050804,6974.66666666666,8554.66666666666,4424.0,22832.5,18873.5,16370.5,12462.58333333333,7377.6634056354105,0.0855989148756468,0.10837787605409763,0.048825790205287045,0.3142223135302947,0.25714515700783463,0.22105924572323815,0.16471856088866788,0.09709682786018098,plate 5,P5_Buffer 11,B13,E9,H5,K1,L20,O16
0.99,80.0,1.125,0.0,60.3,3.015,0.99,10.0,50578.3333333333,47696.6666666666,48320.0,46025.6666666666,45855.3333333333,46782.3333333333,47239.49999999995,1764.6372924978386,3.5218380679732806,3.0987790256673713,3.1902909295554136,2.8534586116616456,2.8284518828451883,2.9645452543492623,3.031662140008317,0.2364950576025614,739.0,743.666666666666,840.5,1122.5,1291.0,1331.5,981.5,271.3201351553932,-0.00430109077103655,-0.004233811138863921,-0.00283775877128164,0.0012278532871507224,0.0036571285773842437,0.004241019670882509,-0.0008049527420654587,0.0035708222251046584,plate 5,P5_Buffer 12,C13,F9,I5,L1,M20,P16
2.49,26.4,1.125,0.75,45.0,2.25,2.01,10.0,50166.0,46361.6666666666,43625.0,46697.0,42027.0,46018.3333333333,46189.99999999995,2799.7983399602954,3.461303188235587,2.902786953436585,2.5010154395752333,2.9520174215175365,2.2664121950622773,2.852382001027674,2.8775844772321295,0.37522638363105815,6184.66666666666,12090.0,10856.0,9998.5,23417.0,23860.5,11473.0,7423.857243648621,0.07420943428642139,0.15934700311288452,0.1415563460912337,0.12919371367951116,0.32264908745991777,0.3290430553603247,0.1504516746020591,0.09770478120410064,plate 5,P5_Buffer 13,A17,D13,G9,J5,M1,N20
2.01,53.6,2.25,0.0,60.3,3.015,1.5,8.3,50343.6666666666,46745.0,46849.6666666666,49450.0,45150.0,48233.3333333333,47541.49999999995,1919.3250134897316,3.487386527686016,2.959064327485385,2.974430497443045,3.356186840881847,2.7249015145954196,3.1775673493356824,3.0759989233893634,0.25722616287950106,1962.66666666666,1453.33333333333,1331.5,1390.5,2299.5,1827.5,1640.4166666666652,383.76374387259506,0.013340589922231912,0.005997498639389588,0.004241019670882509,0.005091626449065166,0.018196737658692886,0.011391883433231628,0.008694691036310608,0.005050683411405469,plate 5,P5_Buffer 14,B17,E13,H9,K5,N1,O20
2.01,80.0,0.7425,0.495,45.0,3.735,2.01,10.0,52198.6666666666,48590.0,52396.3333333333,49135.6666666666,47280.0,49810.0,49472.8333333333,2034.1256124947965,3.759720081235161,3.2299297756245613,3.788739631505542,3.310039394161829,3.0376079669186966,3.4090386356407105,3.35953901490127,0.27261163296445046,3448.0,2624.33333333333,2000.0,5796.0,30209.5,9212.5,4622.0,10775.375205979124,0.034754735705180714,0.022879880626709783,0.013878826979613125,0.06860600206404308,0.4205769949312008,0.11786190134643373,0.051680368884611895,0.14181383643832787,plate 5,P5_Buffer 15,C17,F13,I9,L5,O1,P20
3.0,26.4,1.8675,0.495,60.3,3.735,1.5,8.3,48705.6666666666,54082.6666666666,56452.6666666666,51748.0,51818.0,54261.0,52950.3333333333,2681.2068675629357,3.2469108615331863,4.036311140473214,4.384252122635734,3.6935574640925934,3.7038342019623727,4.062492353617661,3.8700726712177933,0.3593328642007355,1661.33333333333,1313.33333333333,1104.5,1323.5,1353.0,3216.5,1338.25,782.1647696309598,0.008996247959084379,0.0039791096742104,0.0009683461344848268,0.004125683158586555,0.004550986547677884,0.03141718538061656,0.0043383348531322195,0.010294006898870507,plate 5,P5_Buffer 16,A21,D17,G13,J9,M5,P1
2.01,66.4,1.5075,0.0,45.0,2.25,0.99,10.0,51006.6666666666,40973.3333333333,40778.0,38797.6666666666,42173.3333333333,37221.6666666666,40875.66666666665,4829.1056897693725,3.5847219163669233,2.111722821698598,2.0830458293572196,1.7923120213364603,2.28789547089481,1.5609386087254349,2.0973843255279085,0.6471922774873938,1809.0,2333.33333333333,2186.66666666666,1505.0,1452.0,2245.5,1997.83333333333,387.67351312383533,0.011125167748547235,0.018684514991944474,0.016570012266518615,0.006742380281301001,0.005978275887340309,0.0174182162006952,0.013847590007532926,0.005102139566435627,plate 5,P5_Buffer 17,A2,B21,E17,H13,K9,N5
2.01,53.6,1.8675,0.495,45.0,2.25,2.01,8.3,52394.0,38865.6666666666,36513.3333333333,40001.0,43033.3333333333,39361.3333333333,39681.16666666665,5646.771989047943,3.7883970735765544,1.8022951381242456,1.4569478088526757,1.968974039002672,2.4141525361520957,1.8750642296116862,1.922019134307179,0.7567751585529063,5807.33333333333,18468.6666666666,15036.0,10716.5,19840.0,20063.5,16752.3333333333,5726.260537597322,0.0687693954564623,0.25130864891685717,0.2018196737658694,0.13954516565807298,0.27107924939958955,0.2743014632118577,0.22656416134136328,0.07536284906640413,plate 5,P5_Buffer 18,B2,C21,F17,I13,L9,O5
2.49,66.4,1.8675,0.495,29.7,3.735,2.01,10.0,66033.0,51407.6666666666,46435.6666666666,55251.6666666666,51487.3333333333,49853.0,51447.49999999995,6807.810424363644,5.790746042232504,3.6435929433066576,2.9136509334703513,4.207932662898524,3.6552888497394114,3.4153514889035748,3.6494408965230347,0.9123764556614514,9216.0,50961.3333333333,27731.0,13913.0,49843.0,46163.5,36947.25,18640.405157261244,0.11791236107056322,0.7197575049828976,0.3848443017155107,0.18562931085232492,0.7036344217015262,0.6505868345774062,0.5177155681464585,0.24532485575529486,plate 5,P5_Buffer 19,C2,D21,G17,J13,M9,P5
0.99,66.4,1.8675,0.75,45.0,3.015,0.0,8.3,51031.3333333333,58306.0,46167.3333333333,42011.3333333333,50932.0,47402.0,49167.0,5537.313873470914,3.5883432430448505,4.656340991949894,2.8742567716362033,2.2641121632533214,3.573760062639169,3.0555188529203114,3.31463945777974,0.7421056831550384,521.666666666666,738.333333333333,1357.0,934.0,637.0,1350.5,836.1666666666665,360.0553931148807,-0.007434399355076632,-0.004310702147061218,0.00460865480382586,-0.0014897632838226829,-0.005771631302809958,0.004514943887585398,-0.0029002327154419505,0.004738659735913278,plate 5,P5_Buffer 20,A6,D2,E21,H17,K13,N9
2.01,40.0,2.25,0.495,45.0,3.735,2.49,8.3,58525.0,61044.0,49835.0,47277.0,58747.0,52303.6666666666,55414.3333333333,5580.863399617057,4.688492500428202,5.058308253199251,3.4127088991656316,3.0371675352957057,4.721084440529502,3.7751351880398296,4.231813844234016,0.7479421503646358,653.333333333333,1146.0,2156.33333333333,2198.5,1673.5,4974.5,1914.916666666665,1513.517541713367,-0.005536152590205724,0.0015666542920200859,0.0161326946573965,0.016740614190956474,0.009171655571534522,0.05676238395765235,0.012652175114465512,0.019919281231894338,plate 5,P5_Buffer 21,B6,E2,F21,I17,L13,O9
2.01,40.0,1.5075,0.0,45.0,3.735,3.0,10.0,57233.0,57473.0,51038.0,50332.6666666666,51994.0,47546.0,51516.0,3967.4064109477986,4.49881328146028,4.534047811299523,3.5893219799848346,3.485771611735051,3.729672857177817,3.076659570823857,3.659497418581326,0.5317081372352442,537.0,1111.0,4725.5,2298.5,1976.0,5378.0,2137.25,1957.455312389021,-0.007213337706509377,0.0010620570507252891,0.0531725350124408,0.018182320594655892,0.013532817442725265,0.0625796692965795,0.01585756901869058,0.02576191011450246,plate 5,P5_Buffer 22,C6,F2,G21,J17,M13,P9
1.5,53.6,1.8675,0.75,45.0,2.25,0.99,8.3,47227.6666666666,47381.6666666666,46742.3333333333,45419.6666666666,38294.0,49759.3333333333,46984.99999999995,3939.258868065095,3.0299248819398517,3.0525337052533654,2.9586728327093885,2.7644914238175584,1.7183684455210602,3.4016002348968657,2.99429885732462,0.5279358295753552,1249.33333333333,950.333333333333,2435.0,1824.5,2568.0,2263.0,2043.75,662.2902050768542,0.003056417575842772,-0.0012542845712184489,0.0201502498357056,0.011348632241120645,0.022067719352625827,0.0176705148213426,0.014509573531231622,0.008716347507357286,plate 5,P5_Buffer 23,A10,D6,G2,H21,K17,N13
3.0,53.6,1.125,0.75,45.0,2.25,2.49,10.0,47903.3333333333,47683.6666666666,46880.3333333333,40809.0,41814.0,38212.0,44347.16666666665,4134.79453428348,3.129119870806724,3.0968704886344125,2.978932687366953,2.0875969561281216,2.2351415498299496,1.7063299811593189,2.607037118598451,0.5541413386860775,15573.3333333333,29455.3333333333,46378.5,48941.5,46742.5,48533.0,46560.5,13737.319969669285,0.20956644284174714,0.4097041258033005,0.6536865033453599,0.6906374384721761,0.6589343146548258,0.6847480678130639,0.6563104090000929,0.18079575049958863,plate 5,P5_Buffer 24,B10,E6,H2,I21,L17,O13
1.5,80.0,2.25,0.495,29.7,3.735,2.01,10.0,55283.6666666666,55593.6666666666,64082.0,51850.3333333333,42980.6666666666,47835.0,53566.99999999995,7254.179033622758,4.2126306002104235,4.258141867919445,5.504318676747662,3.7085810761212654,2.406420514326257,3.1190878171719447,3.9606058381658444,0.9721983637711251,6528.33333333333,5215.0,5838.0,41166.0,31877.0,40426.5,19202.666666666664,17813.45206747376,0.07916409862713511,0.06022968785854945,0.06921151875359682,0.5785375570525276,0.44461744921288865,0.5678761381971705,0.26189077392001187,0.23444139341866846,plate 5,P5_Buffer 25,C10,F6,I2,J21,M17,P13
3.0,80.0,1.8675,1.245,29.7,3.015,0.99,10.0,56578.3333333333,48607.0,48642.0,38865.6666666666,44311.0,40465.0,46459.0,6476.198685271413,4.402701313954342,3.232425554821508,3.2375639237563973,1.8022951381242456,2.6017274706990676,2.0370941300252077,2.917076512760288,0.8679341571382838,31594.0,28264.0,33582.5,44610.5,66318.0,47528.0,39096.5,14117.745488096416,0.4405374200904193,0.39252859684722863,0.46920575192798225,0.6281971341279542,0.9411555517110056,0.6702589184558847,0.5487014430279682,0.1858024997974929,plate 5,P5_Buffer 26,A14,D10,G6,J2,K21,N17
2.01,80.0,1.125,0.75,45.0,3.735,0.0,10.0,53225.0,53454.3333333333,47511.3333333333,52901.0,52341.0,46221.3333333333,52621.0,3205.4003390112457,3.9103966331449316,3.9440651838802028,3.0715701387359613,3.8628300178619543,3.780616114903722,2.882184540850033,3.8217230663828383,0.429584788350869,1447.66666666666,1026.66666666666,1022.0,1719.5,2000.5,1995.5,1583.5833333333298,445.4186971162553,0.005915801943179903,-0.0001537820163946517,-0.00022106164856719403,0.009834840517236255,0.013886035511631624,0.013813950191446652,0.00787532123020808,0.005862119235009783,plate 5,P5_Buffer 27,B14,E10,H6,K2,L21,O17
0.0,40.0,1.5075,0.75,45.0,3.015,2.01,6.7,45172.6666666666,47100.3333333333,45259.3333333333,44705.3333333333,43107.3333333333,43918.3333333333,44938.99999999995,1360.664521746906,2.7282292201913383,3.0112310063862586,2.7409528004110695,2.6596197606988183,2.4250165161858623,2.5440798649343024,2.6939244904450783,0.18235500055243803,727.333333333333,579.0,583.5,1370.0,1540.5,1942.5,1048.6666666666665,574.5328480761727,-0.004469289851468153,-0.006607821016955622,-0.0065429442287891475,0.004796076636306785,0.007254186054614295,0.01304984579748596,0.00016339339241931575,0.007561380071508842,plate 5,P5_Buffer 28,C14,F10,I6,L2,M21,P17
3.0,80.0,2.25,0.75,45.0,3.735,2.01,8.3,48917.3333333333,50488.6666666666,50180.6666666666,53058.0,47691.3333333333,51343.6666666666,50334.6666666666,1868.6966154891925,3.2779857593775232,3.5086740561305585,3.4634564095035305,3.8858792727984586,3.097996036115393,3.6341970686828597,3.4860652328170447,0.25044099181212864,20850.6666666666,5315.0,4476.0,5055.5,17697.5,14485.5,9900.25,7261.825671441525,0.28565009545297737,0.061671394262248866,0.049575477535210744,0.05793016614464888,0.24019068970032947,0.1938830800135041,0.12777723713787648,0.09557229686461594,plate 5,P5_Buffer 29,A18,D14,G10,J6,M2,N21
3.0,26.4,1.125,0.0,45.0,3.015,3.0,8.3,46618.3333333333,47878.0,47795.0,51513.0,42237.0,46952.0,47373.5,2981.267133035637,2.9404683256257798,3.125400670434809,3.113215395532071,3.659056986958335,2.297242408671614,2.9894541094717315,3.0513347525019014,0.3995466634153939,5878.66666666666,2629.0,4468.5,3652.0,14278.5,16639.0,5173.58333333333,5978.992766034786,0.06979781269110118,0.022947160258882472,0.04946734955493329,0.03769581676872753,0.19089874775784632,0.2249302274171711,0.05963258112301723,0.07868903736344246,plate 5,P5_Buffer 30,B18,E14,H10,K6,N2,O21
2.49,66.4,2.25,1.005,60.3,3.015,2.01,8.3,44893.3333333333,44665.3333333333,45753.6666666666,49596.0,41958.6666666666,44659.0,44779.3333333333,2481.6319540890113,2.687220142406225,2.6537473390589446,2.8135261445105044,3.3776211798673863,2.2563801414274827,2.6528175389659694,2.6704837407325845,0.3325860189092409,2831.66666666666,1517.33333333333,2045.5,1602.5,4346.0,4185.0,2438.5833333333303,1260.5969529464123,0.02586901857037987,0.006920190737757215,0.014534803393296361,0.008148044024907935,0.047701259210401505,0.045380111900445434,0.020201910981838114,0.01659061393988394,plate 5,P5_Buffer 31,C18,F14,I10,L6,O2,P21
3.0,66.4,0.7425,0.75,45.0,2.25,2.01,10.0,42808.6666666666,38438.6666666666,45864.6666666666,41015.0,41626.3333333333,37104.0,41320.66666666665,3128.7542687264477,2.3811691012748,1.7396070371185934,2.829822114561154,2.1178399275734714,2.207590104969537,1.5436639017348162,2.162715016271504,0.419312752911022,49259.6666666666,48607.6666666666,34711.5,37126.0,37207.0,48746.5,42907.3333333333,6920.9778392833705,0.6952244676799454,0.6858245419278252,0.48548261722574865,0.5202926183430712,0.5214604005300677,0.6878261109849622,0.6036424712289464,0.09108642627579286,plate 5,P5_Buffer 32,A22,D18,G14,J10,M6,P2
2.01,53.6,1.5075,1.005,45.0,3.015,3.0,8.3,50387.3333333333,44537.6666666666,44162.6666666666,49321.6666666666,46002.0,38347.3333333333,45269.8333333333,4303.687874197954,3.4937972546428835,2.6350045266583426,2.579950573784526,3.3373461547872423,2.8499840955247304,1.7261983410408868,2.7424943110915363,0.5767762678704337,16278.0,16127.3333333333,21796.6666666666,20849.5,20821.5,27929.5,20835.5,4334.5701193364575,0.21972566729981619,0.21755349631824192,0.29928863803197386,0.2856332755449352,0.2852295977518993,0.38770608892685404,0.28543143664841725,0.057046924694831344,plate 5,P5_Buffer 33,A3,B22,E18,H14,K10,N6
1.5,80.0,1.8675,1.005,45.0,3.735,0.99,8.3,54547.6666666666,51133.6666666666,44829.6666666666,50789.6666666666,49992.6666666666,49789.6666666666,50391.1666666666,3135.9593375339973,4.104578042036747,3.6033668550735225,2.677873204629421,3.5528640289706086,3.4358560277961243,3.406053487973765,3.4943600283833662,0.42027836956772296,658.0,1279.33333333333,1118.33333333333,969.5,1002.5,1600.5,1060.4166666666652,317.7310430863508,-0.0054688729580330804,0.003488929496952598,0.0011677821869965329,-0.000977957510509389,-0.0005021943972885808,0.008119209896833946,0.00033279389485397603,0.004181632408551727,plate 5,P5_Buffer 34,B3,C22,F18,I14,L10,O6
0.0,53.6,1.5075,0.75,45.0,2.25,2.49,8.3,45940.3333333333,43754.0,38312.3333333333,41367.0,45243.6666666666,39344.6666666666,42560.5,3147.472375662027,2.84093077882992,2.519953999363826,1.7210599721059971,2.1695172380043606,2.738652768602114,1.8726173872617338,2.3447356186840933,0.42182133628776486,1762.0,9832.33333333333,5948.0,2810.5,4438.5,7482.0,5193.25,3004.7618609035785,0.010447565738808508,0.12679807820536393,0.0707973957976662,0.02556385738159692,0.049034837633823464,0.09291317203041528,0.05991611671574483,0.039545426394234404,plate 5,P5_Buffer 35,C3,D22,G18,J14,M10,P6
2.01,0.0,2.25,1.005,60.3,3.735,1.5,8.3,60428.6666666666,56627.0,50717.3333333333,49656.0,51050.3333333333,49162.3333333333,50883.8333333333,4544.020370732236,4.967970833639184,4.409846093616193,3.5422447331718416,3.3864298123271968,3.5911326433237907,3.31395434192175,3.566688688247816,0.608985406741793,813.0,681.333333333333,1231.66666666666,1061.0,879.0,1129.5,970.0,208.97325054763292,-0.0032342280322989803,-0.005132474797169886,0.002801716111189158,0.00034120384887557947,-0.0022827018058573637,0.0013287727354096817,-0.0009707489784908922,0.0027502799491105853,plate 5,P5_Buffer 36,A7,D3,E22,H18,K14,N10
3.0,66.4,1.5075,1.245,29.7,3.015,0.0,10.0,45936.6666666666,54749.0,47634.3333333333,38636.3333333333,45439.0,45346.3333333333,45687.8333333333,5170.6881227708045,2.8403924735129267,4.134135897624121,3.089627835278573,1.7686265873889746,2.7673297609435075,2.753725317477795,2.803861117228217,0.6929708391851066,2376.0,4643.66666666666,9953.0,16736.5,13825.0,18736.5,11889.0,6581.820992253899,0.019299643057522943,0.05199273860541334,0.12853773726582793,0.22633589116077804,0.18436060921706945,0.25517001923476645,0.1564491732414487,0.08662281060467564,plate 5,P5_Buffer 37,B7,E3,F22,I18,L14,O10
3.0,53.6,1.8675,0.75,45.0,3.735,0.0,8.3,56761.6666666666,54214.3333333333,52931.0,49415.6666666666,52115.6666666666,50250.3333333333,52523.3333333333,2680.644820160226,4.429616579803758,4.055641195037803,3.8672343340918593,3.351146345640945,3.747534806332423,3.473684210526316,3.8073845702121414,0.35925753912773367,638.333333333333,630.333333333333,943.0,1025.5,804.0,924.0,864.0,165.57020721892744,-0.005752408550760637,-0.00586774506305659,-0.0013600097074897351,-0.00017060192443771435,-0.003363981608631928,-0.001633933924192625,-0.0024989577664122765,0.002179056026984209,plate 5,P5_Buffer 38,C7,F3,G22,J18,M14,P10
0.0,53.6,1.5075,1.5,45.0,3.015,1.5,10.0,50446.3333333333,50718.0,50208.3333333333,48980.6666666666,45081.0,49090.0,49649.16666666665,2089.243280516933,3.502459076561697,3.542342606865845,3.467518167804448,3.2872837603073184,2.7147715872666374,3.3033350461229833,3.3854266069637156,0.2799984518474192,1316.0,1309.66666666666,1308.0,3089.5,1771.0,1832.0,1543.5,689.4034652966028,0.004017555178309098,0.0039262471060747045,0.003902218666013145,0.029586218247918298,0.010577319315141456,0.011456760221398101,0.007297437246725278,0.00907318291926755,plate 5,P5_Buffer 39,A11,D7,G3,H22,K18,N14
3.0,0.0,0.7425,0.75,45.0,3.735,2.49,8.3,58495.0,54823.3333333333,58055.6666666666,54133.3333333333,53905.0,44296.6666666666,54478.3333333333,5128.327250565142,4.684088184198297,4.145048814504881,4.619589419853674,4.04374954121706,4.010227801022785,2.599623186278103,4.0943991778609705,0.6872936742770747,2026.0,2365.0,2410.0,5526.5,5088.0,3682.5,3046.25,1503.9383520166866,0.014253670644574975,0.019141055353116006,0.019789823234780745,0.06472060330607314,0.05839872072585119,0.03813553722185586,0.0289626802283183,0.019793210295626334,plate 5,P5_Buffer 40,B11,E7,H3,I22,L18,O14
2.49,0.0,1.125,0.75,45.0,3.735,3.0,8.3,58684.6666666666,54725.3333333333,60344.0,54350.3333333333,49828.6666666666,51434.3333333333,54537.8333333333,4050.2486105679363,4.711933250140689,4.130661381487191,4.955540874501461,4.075607428613375,3.4117790990726418,3.647507891066579,4.103134405050283,0.5428105721970236,1424.33333333333,1280.0,1538.5,5548.0,5292.5,3608.0,2573.25,1980.6551936912942,0.005579403782316756,0.0034985408729773077,0.007225351926540306,0.06503057018286851,0.0613470103214165,0.037061465951099784,0.022143408938820046,0.026067241864858915,plate 5,P5_Buffer 41,C11,F7,I3,J22,M18,P14
0.99,53.6,1.125,0.75,45.0,2.25,2.49,8.3,48266.0,45910.6666666666,41766.6666666666,39718.0,43987.6666666666,42925.6666666666,43456.6666666666,3032.7694689593313,3.182363160341584,2.8365753994470086,2.228192517556089,1.9274266559005653,2.5542587291100785,2.3983459345714304,2.4763023318407544,0.4064489588348111,16160.0,6659.66666666666,4485.5,9250.0,28035.5,25003.0,12705.0,9843.583918622475,0.2180244537434509,0.08105753970399364,0.049712439643562194,0.11840254124782101,0.38923429771477547,0.34551455102259054,0.16821349749563597,0.12955060711276978,plate 5,P5_Buffer 42,A15,D11,G7,J3,K22,N18
3.0,40.0,0.7425,0.495,60.3,3.735,2.49,8.3,52956.3333333333,54674.3333333333,53665.3333333333,51625.6666666666,50943.0,47688.6666666666,52290.99999999995,2475.9517376975377,3.8709535344637747,4.123174043896352,3.9750422080305365,3.6755976412439697,3.5753749785901343,3.0976045413393964,3.773275587853872,0.3318247615628119,1695.0,1267.0,1382.5,1755.0,3378.5,2778.5,1725.0,844.6306145292153,0.009481622448329898,0.003311119040496383,0.004976289936769213,0.010346646290549549,0.03375274975460962,0.025102511332413105,0.009914134369439723,0.01111611480156959,plate 5,P5_Buffer 43,B15,E11,H7,K3,L22,O18
2.01,40.0,2.25,1.5,60.3,3.015,0.99,10.0,56261.6666666666,46091.6666666666,49637.6666666666,54353.3333333333,45118.6666666666,46615.6666666666,48126.6666666666,4652.573675656031,4.356211309305336,2.8631481073674374,3.3837382857422447,4.076047860236365,2.7203014509775088,2.9400768308497836,3.161907558296014,0.6235336202528889,434.0,416.333333333333,446.0,662.5,942.5,837.5,554.25,227.77697222079783,-0.008698295302319779,-0.008952996766973347,-0.00852529053387585,-0.005403996169866606,-0.0013672182395082324,-0.0028810099633926225,-0.006964643351871228,0.0029977542002448164,plate 5,P5_Buffer 44,C15,F11,I7,L3,M22,P18
0.99,40.0,2.25,1.005,60.3,3.735,3.0,10.0,44067.3333333333,47908.6666666666,50705.3333333333,49420.0,50340.0,44560.3333333333,48664.3333333333,2896.5576996509944,2.5659546355428318,3.129902860358702,3.54048300667988,3.3517825246519415,3.4868482223690376,2.638332232254276,3.2408426925053218,0.3881939835117384,762.666666666666,533.666666666666,433.5,498.5,973.0,698.5,616.083333333333,201.36184722662463,-0.003959886922161032,-0.007261394586632702,-0.008705503834338275,-0.007768394671933653,-0.0009274977863799094,-0.004884981864534815,-0.0060731882255837585,0.002650106889240459,plate 5,P5_Buffer 45,A19,D15,G11,J7,M3,N22
0.0,53.6,1.8675,0.495,74.7,3.735,2.01,10.0,45669.0,47717.0,46972.3333333333,50211.6666666666,46178.6666666666,48430.6666666666,47344.66666666665,1651.5399099246804,2.8010961853727814,3.101764173334317,2.9924392571386624,3.468007536274433,2.875920624434163,3.2065379627590542,3.0471017152364896,0.22133785100829417,448.333333333333,319.666666666666,308.0,318.5,555.0,622.0,383.9999999999995,135.86961683090817,-0.008491650717789533,-0.010346646290549457,-0.010514845370981048,-0.010363466198592608,-0.006953830553843482,-0.005987887263364871,-0.009419148504169495,0.001788168973225638,plate 5,P5_Buffer 46,B19,E15,H11,K7,N3,O22
0.0,26.4,2.25,0.75,45.0,2.25,2.01,6.7,39445.6666666666,41867.3333333333,40765.0,43488.6666666666,38945.0,42921.3333333333,41316.16666666665,1843.3233363200766,1.887445251902415,2.242971445349776,2.0811372923242604,2.4810002691526534,1.8139421077100053,2.397709755560449,2.162054368837018,0.2470404884088643,777.333333333333,744.0,839.5,900.0,1370.0,3713.0,869.75,1160.3924547643674,-0.003748436649618444,-0.004229005450851579,-0.0028521758353186343,-0.0019799434610804855,0.004796076636306785,0.038575257674984174,-0.00241605964819956,0.015271830691604277,plate 5,P5_Buffer 47,C19,F15,I11,L7,O3,P22
2.01,40.0,1.125,0.75,60.3,3.015,2.49,6.7,43051.3333333333,44805.6666666666,48132.3333333333,45282.6666666666,46946.6666666666,43495.0,45044.1666666666,1964.259333598695,2.416795125890039,2.6743497516454964,3.162739484695001,2.744378379700991,2.9886711199197387,2.4819300692456436,2.7093640656732436,0.2632482188950233,3928.66666666666,1930.0,1239.5,1101.0,1848.0,3601.5,1889.0,1203.8360061194487,0.041684537818962496,0.012869632497023532,0.002914649779479043,0.0009178864103553472,0.011687433245990008,0.03696775503485932,0.012278532871506771,0.01584358773657019,plate 5,P5_Buffer 48,A23,D19,G15,J11,M7,P3
2.01,40.0,1.5075,1.005,60.3,2.25,3.0,10.0,48138.6666666666,41951.3333333333,41830.3333333333,43761.3333333333,43228.3333333333,38050.3333333333,42589.8333333333,3280.9916347664366,3.163669284787976,2.255303530793511,2.237539455332893,2.5210306099977977,2.44278059164648,1.6825956103648243,2.3490420612199956,0.4397154638839532,5737.33333333333,10485.0,10197.6666666666,8643.0,6007.5,14593.0,9420.3333333333,3292.0380647016254,0.0677602009738727,0.13620761533350884,0.13206511226687823,0.10965138337736553,0.07165521110786735,0.19543291439748098,0.12085824782212187,0.04332624514061401,plate 5,P5_Buffer 49,A4,B23,E19,H15,K11,N7
3.0,80.0,1.5075,0.0,45.0,2.25,0.0,10.0,51803.6666666666,44490.3333333333,40464.0,46864.3333333333,43230.6666666666,45271.3333333333,44880.8333333333,3822.3737442511583,3.701729917541408,2.6280554943844967,2.0369473194842107,2.9765837187110034,2.443123149575468,2.7427145269030317,2.6853850106437642,0.5122709934037637,684.333333333333,1745.33333333333,1075.33333333333,1118.0,832.0,1442.0,1096.6666666666652,390.9610807569802,-0.005089223605058904,0.010207281338191891,0.0005478484334057826,0.0011629764989842485,-0.0029603038155960907,0.005834105246970367,0.0008554124661950156,0.005145406976590223,plate 5,P5_Buffer 50,B4,C23,F19,I15,L11,O7
0.0,0.0,1.5075,0.495,0.0,1.125,0.99,1.0,25233.0,23813.0,26333.0,24415.6666666666,23820.6666666666,18645.6666666666,24118.1666666666,2659.622210014068,-0.19912403043871385,-0.4075949986542317,-0.03763243534218592,-0.319117179280144,-0.4064694511732659,-1.1662140008319313,-0.36279331522670494,0.3564401083624378,5736.0,8389.0,6298.5,5430.5,3649.5,6715.5,6017.25,1563.281580522204,0.06774097822182343,0.10598944911196902,0.07585057674263265,0.0633365651585217,0.037659774108635045,0.08186249244605924,0.07179577748222804,0.020574221698025946,plate 5,P0_Buffer 6,C4,D23,G19,J15,M11,P7
4.0,120.0,1.5,1.0,30.0,1.5,2.0,0.0,24613.3333333333,28481.0,23024.3333333333,27515.6666666666,26666.0,26512.6666666666,26589.3333333333,1991.2942831792182,-0.2900976290097629,0.2777166067190341,-0.5233795786537473,0.13599549781007111,0.011255474809762992,-0.011255474809762992,0.0,0.2668714178297335,1052.66666666666,841.333333333333,1324.66666666666,923.5,1158.5,1022.0,1037.3333333333298,171.73440950318226,0.0002210616485671973,-0.0028257445512508157,0.004142503066629617,-0.001641142456211122,0.0017468675924825132,-0.00022106164856719403,1.6398557858843255e-18,0.002260182591748935,plate 5,P0_Ref-,A8,D4,E23,H19,K15,N11
4.5,0.0,0.7425,0.495,30.15,0.7425,2.01,6.4,29809.6666666666,29328.3333333333,29725.3333333333,26760.3333333333,30111.6666666666,25637.0,29526.8333333333,1881.508855699063,0.4727788788568303,0.4021140717903545,0.46039785656610144,0.02510460251046025,0.5171156622378771,-0.13981257187598906,0.431255964178228,0.2521580763933811,42582.3333333333,33050.0,55757.6666666666,46079.0,35761.5,43056.5,42819.41666666665,8041.458303345487,0.5989569254169232,0.4615286653282828,0.7889065497923337,0.6493685926662801,0.5006205344645925,0.6057930166144652,0.6023749710156943,0.10583297850486749,plate 5,P0_Buffer 68,B8,E4,F23,I19,L15,O11
0.0,0.0,0.0,0.0,0.0,0.0,0.0,0.0,30567.0,27820.3333333333,30457.3333333333,28633.0,28609.6666666666,30178.3333333333,29405.66666666665,1165.40984525077,0.5839633952384498,0.18072377596711445,0.5678631725757909,0.3000318089505543,0.296606229660618,0.5269030316376716,0.413467420294113,0.15618714942436848,330.333333333333,326.0,191.333333333333,239.333333333333,291.0,852.0,308.5,241.26886800137876,-0.010192864274154848,-0.010255338218315152,-0.012196836175297042,-0.01150481710152132,-0.010759935459609949,-0.0026719625348562066,-0.01050763683896255,0.003175319942958683,plate 5,P0_H20,A24,B24,C24,D24,E24,F24
2.97,40.8,2.25,0.0,0.0,1.5075,0.99,8.2,30403.3333333333,32579.6666666666,32706.0,33414.6666666666,30324.3333333333,29899.6666666666,31491.49999999995,1510.9008558791327,0.5599354033619613,0.879444077418087,0.8979911424306982,1.0020308791504513,0.5483373706232108,0.4859918275465462,0.7196897403900242,0.20248953508010054,38977.0,29607.0,11919.5,29448.5,33946.5,33514.5,31560.75,9324.8137228937,0.5469786038755474,0.4118907138489118,0.156888893694577,0.40960560919904826,0.47445356323744814,0.4682253915734666,0.4400580527111892,0.12272311477214694,plate 5,P0_Buffer 18,A12,D8,G4,H23,K19,N15
4.0,120.0,1.5,1.0,30.0,1.5,2.0,10.0,33529.6666666666,33272.0,39198.0,34595.6666666666,29007.0,27512.3333333333,33400.8333333333,4177.170944107543,1.0189140913650883,0.9810859086349116,1.8510851745822066,1.1754141280677237,0.35493895128337377,0.13550612934008663,1.0,0.5598205859313545,72786.0,69870.6666666666,65818.5,72072.0,64092.0,70928.5,70399.5833333333,3522.75353896583,1.034405121902284,0.9923745745464326,0.933954228224527,1.02411133817987,0.9090631671646565,1.0076254254535673,1.0,0.046362672727185646,plate 5,P0_Ref+,B12,E8,H4,I23,L19,O15
2.97,120.0,2.25,0.255,45.0,1.5075,0.0,8.2,38084.6666666666,34906.6666666666,35583.0,37921.3333333333,35145.3333333333,35536.0,35559.5,1422.77802984942,1.6876361056057108,1.221072206317742,1.320365068878617,1.6636570505762314,1.2561109887689936,1.3134649734517654,1.3169150211651912,0.1906793954516347,3379.33333333333,2811.66666666666,1807.0,8651.5,11393.0,16644.5,6015.416666666665,5855.8955857418705,0.0337647639746404,0.025580677289639985,0.011096333620473247,0.10977392842167999,0.14929830947909956,0.22500952126937457,0.0717693461981602,0.0770689653883717,plate 5,P1_Buffer 44,C12,F8,I4,J23,M19,P15
0.0,40.8,2.25,0.75,45.0,1.5075,2.01,10.0,42797.6666666666,42879.3333333333,39714.6666666666,42601.3333333333,39572.6666666666,39176.3333333333,41157.99999999995,1802.8382807857959,2.3795541853238347,2.391543712838582,1.926937287430566,2.3507303824414594,1.906090190609014,1.84790427952727,2.1388338349360128,0.2416147187159493,3613.66666666666,1901.66666666666,2040.0,1722.0,5057.0,7674.0,2826.8333333333303,2346.8081530895133,0.037143162647309325,0.012461149015975267,0.014455509541092895,0.00987088317732874,0.057951791740704375,0.09568124832551816,0.02579933609420111,0.030886151174550135,plate 5,P1_Buffer 25,A16,D12,G8,J4,K23,N19
2.97,40.8,2.25,1.005,14.85,2.25,2.01,10.0,40127.6666666666,37746.3333333333,36145.0,34249.0,39250.0,32605.6666666666,36945.66666666665,2912.875985586652,1.9875700408622623,1.6379652059017837,1.4028725929188433,1.1245198071888278,1.8587193227140426,0.8832611514840049,1.5204188994103136,0.3903809450979722,62538.3333333333,53749.3333333333,53112.0,57399.0,59645.5,56353.0,56876.0,3572.872281227379,0.8866638553391794,0.7599522795180375,0.7507638040384603,0.8125697575650545,0.8449576919241618,0.7974895085823585,0.8050296330737065,0.04702228141660093,plate 5,P2_Buffer 38,B16,E12,H8,K4,L23,O19
0.0,120.0,2.25,0.0,45.0,2.25,0.51,6.4,43169.0,35812.6666666666,41436.0,37469.3333333333,40929.6666666666,38529.6666666666,39729.6666666666,2753.005399491572,2.4340698328806725,1.3540825564608823,2.1796471653331424,1.5972986860456582,2.105312094741731,1.7529667963493063,1.9291394455455186,0.3689552370341959,1241.33333333333,1012.33333333333,873.0,966.5,1183.0,1586.0,1097.666666666665,256.3753415224264,0.0029410810635468183,-0.0003604266009248532,-0.0023692041900793288,-0.0010212087026203716,0.002100085661388871,0.007910162468297531,0.0008698295302320089,0.003374135011958327,plate 5,P3_Buffer 59,C16,F12,I8,L4,M23,P19
0.0,0.0,2.25,0.495,45.0,2.25,0.51,10.0,50442.3333333333,54714.3333333333,44054.0,43191.0,44051.0,43729.0,44052.5,4762.204962767483,3.5018718343977095,4.129046465536225,2.563997161662879,2.437299664782603,2.5635567300398887,2.516283735838905,2.5637769458513837,0.6382263039396119,826.0,531.0,634.0,649.5,716.5,646.5,648.0,98.02282897366307,-0.0030468061998180558,-0.007299840090731343,-0.0058148824949209406,-0.005591418002347531,-0.00462547471186892,-0.005634669194458514,-0.005613043598403022,0.0012900704773212677,plate 5,P3_Buffer 51,A20,D16,G12,J8,M4,N23
